Source	Interaction	Target	Probability
F/32/TRP	HBOND	F/133/GLN	1
F/32/TRP	PICATION	F/135/LYS	1
F/32/TRP	PIPISTACK	F/56/PHE	1
F/32/TRP	PIPISTACK	F/63/PHE	1
F/32/TRP	VDW	F/56/PHE	1
F/32/TRP	VDW	F/125/ALA	1
F/32/TRP	VDW	F/127/SER	1
F/35/PRO	VDW	F/137/SER	1
F/36/THR	HBOND	F/55/SER	1
F/37/PHE	PIPISTACK	F/52/PHE	1
F/37/PHE	PIPISTACK	F/67/TRP	1
F/37/PHE	VDW	F/52/PHE	1
F/37/PHE	VDW	F/137/SER	1
F/37/PHE	VDW	F/138/LEU	1
F/37/PHE	VDW	F/140/ALA	1
F/38/SER	HBOND	F/53/THR	1
F/39/PRO	VDW	F/42/LEU	1
F/39/PRO	VDW	F/52/PHE	1
F/40/ALA	HBOND	F/141/GLU	1
F/41/LEU	VDW	F/143/ARG	1
F/42/LEU	HBOND	F/141/GLU	1
F/42/LEU	HBOND	F/143/ARG	1
F/42/LEU	VDW	F/52/PHE	1
F/42/LEU	VDW	F/142/LEU	1
F/43/VAL	VDW	F/143/ARG	1
F/44/VAL	HBOND	F/143/ARG	1
F/44/VAL	HBOND	F/145/THR	1
F/44/VAL	VDW	F/142/LEU	1
F/44/VAL	VDW	F/143/ARG	1
F/44/VAL	VDW	F/145/THR	1
F/45/THR	HBOND	F/48/ASP	1
F/45/THR	VDW	F/48/ASP	1
F/46/GLU	HBOND	F/112/ARG	1
F/46/GLU	HBOND	F/115/ARG	1
F/46/GLU	HBOND	F/146/GLU	1
F/46/GLU	VDW	F/115/ARG	1
F/46/GLU	VDW	F/146/GLU	1
F/47/GLY	VDW	F/112/ARG	1
F/47/GLY	VDW	F/113/ALA	1
F/48/ASP	HBOND	F/112/ARG	1
F/48/ASP	HBOND	F/113/ALA	1
F/48/ASP	IONIC	F/112/ARG	1
F/48/ASP	VDW	F/112/ARG	1
F/48/ASP	VDW	F/113/ALA	1
F/49/ASN	HBOND	F/112/ARG	1
F/49/ASN	VDW	F/111/VAL	1
F/50/ALA	HBOND	F/110/VAL	1
F/50/ALA	VDW	F/110/VAL	1
F/51/THR	HBOND	F/109/SER	1
F/51/THR	VDW	F/109/SER	1
F/52/PHE	HBOND	F/108/MET	1
F/52/PHE	PIPISTACK	F/121/TYR	1
F/52/PHE	VDW	F/141/GLU	1
F/52/PHE	VDW	F/142/LEU	1
F/53/THR	VDW	F/107/HIS	1
F/54/CYS	HBOND	F/106/PHE	1
F/54/CYS	SSBOND	F/123/CYS	1
F/54/CYS	VDW	F/65/LEU	1
F/54/CYS	VDW	F/123/CYS	1
F/55/SER	HBOND	F/105/ASP	1
F/56/PHE	HBOND	F/59/THR	1
F/56/PHE	HBOND	F/104/ARG	1
F/56/PHE	PIPISTACK	F/63/PHE	1
F/56/PHE	VDW	F/59/THR	1
F/56/PHE	VDW	F/65/LEU	1
F/57/SER	VDW	F/104/ARG	1
F/58/ASN	VDW	F/63/PHE	1
F/60/SER	HBOND	F/63/PHE	1
F/62/SER	HBOND	F/128/LEU	1
F/62/SER	VDW	F/128/LEU	1
F/64/VAL	HBOND	F/126/ILE	1
F/64/VAL	VDW	F/126/ILE	1
F/65/LEU	HBOND	F/82/PHE	1
F/65/LEU	VDW	F/125/ALA	1
F/66/ASN	HBOND	F/124/GLY	1
F/66/ASN	VDW	F/126/ILE	1
F/67/TRP	HBOND	F/79/LEU	1
F/67/TRP	HBOND	F/80/ALA	1
F/67/TRP	PIPISTACK	F/95/PHE	1
F/67/TRP	PIPISTACK	F/121/TYR	1
F/67/TRP	VDW	F/95/PHE	1
F/67/TRP	VDW	F/97/VAL	1
F/67/TRP	VDW	F/108/MET	1
F/67/TRP	VDW	F/110/VAL	1
F/68/TYR	HBOND	F/122/LEU	1
F/68/TYR	VDW	F/76/THR	1
F/68/TYR	VDW	F/79/LEU	1
F/69/ARG	HBOND	F/77/ASP	1
F/69/ARG	HBOND	F/116/ASN	1
F/69/ARG	HBOND	F/117/ASP	1
F/69/ARG	HBOND	F/118/SER	1
F/69/ARG	HBOND	F/121/TYR	1
F/69/ARG	VDW	F/77/ASP	1
F/69/ARG	VDW	F/120/THR	1
F/70/MET	HBOND	F/120/THR	1
F/70/MET	VDW	F/74/ASN	1
F/70/MET	VDW	F/75/GLN	1
F/70/MET	VDW	F/120/THR	1
F/70/MET	VDW	F/122/LEU	1
F/71/SER	HBOND	F/74/ASN	1
F/71/SER	HBOND	F/75/GLN	1
F/71/SER	VDW	F/75/GLN	1
F/74/ASN	HBOND	F/139/ARG	1
F/74/ASN	VDW	F/139/ARG	1
F/76/THR	HBOND	F/136/GLU	1
F/76/THR	VDW	F/122/LEU	1
F/76/THR	VDW	F/136/GLU	1
F/78/LYS	HBOND	F/85/ASP	1
F/78/LYS	HBOND	F/88/GLN	1
F/78/LYS	IONIC	F/85/ASP	1
F/78/LYS	VDW	F/88/GLN	1
F/79/LEU	HBOND	F/92/ASP	1
F/79/LEU	VDW	F/121/TYR	1
F/80/ALA	VDW	F/92/ASP	1
F/81/ALA	VDW	F/85/ASP	1
F/82/PHE	PIPISTACK	F/106/PHE	1
F/84/GLU	HBOND	F/91/GLN	1
F/84/GLU	VDW	F/91/GLN	1
F/85/ASP	HBOND	F/88/GLN	1
F/85/ASP	HBOND	F/91/GLN	1
F/85/ASP	VDW	F/91/GLN	1
F/86/ARG	HBOND	F/93/SER	1
F/86/ARG	VDW	F/93/SER	1
F/92/ASP	HBOND	F/95/PHE	1
F/92/ASP	VDW	F/95/PHE	1
F/93/SER	HBOND	F/96/ARG	1
F/94/ARG	HBOND	F/111/VAL	1
F/94/ARG	HBOND	F/117/ASP	1
F/94/ARG	VDW	F/110/VAL	1
F/94/ARG	VDW	F/114/ARG	1
F/94/ARG	VDW	F/117/ASP	1
F/95/PHE	PIPISTACK	F/121/TYR	1
F/95/PHE	VDW	F/110/VAL	1
F/96/ARG	HBOND	F/109/SER	1
F/97/VAL	VDW	F/108/MET	1
F/98/THR	HBOND	F/107/HIS	1
F/98/THR	VDW	F/107/HIS	1
F/99/GLN	HBOND	F/103/GLY	1
F/99/GLN	VDW	F/103/GLY	1
F/99/GLN	VDW	F/106/PHE	1
F/100/LEU	HBOND	F/103/GLY	1
F/100/LEU	HBOND	F/105/ASP	1
F/100/LEU	VDW	F/107/HIS	1
F/102/ASN	HBOND	F/105/ASP	1
F/102/ASN	VDW	F/105/ASP	1
F/108/MET	VDW	F/123/CYS	1
F/113/ALA	VDW	F/144/VAL	1
F/114/ARG	HBOND	F/117/ASP	1
F/114/ARG	IONIC	F/117/ASP	1
F/114/ARG	VDW	F/117/ASP	1
F/115/ARG	HBOND	F/118/SER	1
F/115/ARG	VDW	F/118/SER	1
F/115/ARG	VDW	F/144/VAL	1
F/117/ASP	HBOND	F/121/TYR	1
F/118/SER	HBOND	F/144/VAL	1
F/118/SER	VDW	F/144/VAL	1
F/119/GLY	HBOND	F/142/LEU	1
F/119/GLY	VDW	F/142/LEU	1
F/120/THR	HBOND	F/141/GLU	1
F/120/THR	VDW	F/141/GLU	1
F/121/TYR	HBOND	F/140/ALA	1
F/122/LEU	VDW	F/137/SER	1
F/123/CYS	HBOND	F/137/SER	1
F/123/CYS	VDW	F/137/SER	1
F/125/ALA	HBOND	F/135/LYS	1
F/126/ILE	VDW	F/133/GLN	1
F/127/SER	HBOND	F/133/GLN	1
F/127/SER	VDW	F/133/GLN	1
F/136/GLU	HBOND	F/139/ARG	1
F/136/GLU	IONIC	F/139/ARG	1
H/3/GLN	HBOND	H/25/SER	1
H/4/LEU	VDW	H/109/TYR	1
H/4/LEU	VDW	H/111/GLY	1
H/5/VAL	HBOND	H/23/LYS	1
H/5/VAL	VDW	H/22/CYS	1
H/6/GLN	HBOND	H/94/TYR	1
H/6/GLN	HBOND	H/96/CYS	1
H/6/GLN	HBOND	H/112/GLN	1
H/6/GLN	HBOND	H/113/GLY	1
H/6/GLN	HBOND	H/114/THR	1
H/6/GLN	VDW	H/21/SER	1
H/6/GLN	VDW	H/22/CYS	1
H/6/GLN	VDW	H/96/CYS	1
H/6/GLN	VDW	H/112/GLN	1
H/7/SER	HBOND	H/21/SER	1
H/7/SER	HBOND	H/114/THR	1
H/7/SER	VDW	H/20/VAL	1
H/10/GLU	HBOND	H/115/THR	1
H/10/GLU	HBOND	H/117/THR	1
H/10/GLU	VDW	H/117/THR	1
H/12/LYS	HBOND	H/117/THR	1
H/12/LYS	HBOND	H/119/SER	1
H/13/LYS	HBOND	H/16/ALA	1
H/13/LYS	HBOND	H/120/SER	1
H/13/LYS	VDW	H/16/ALA	1
H/13/LYS	VDW	H/119/SER	1
H/15/GLY	HBOND	H/86/LEU	1
H/15/GLY	VDW	H/86/LEU	1
H/16/ALA	HBOND	H/86/LEU	1
H/17/SER	VDW	H/84/LYS	1
H/18/VAL	HBOND	H/83/LEU	1
H/18/VAL	VDW	H/83/LEU	1
H/19/LYS	HBOND	H/71/THR	1
H/19/LYS	HBOND	H/82/GLU	1
H/19/LYS	IONIC	H/82/GLU	1
H/19/LYS	VDW	H/82/GLU	1
H/20/VAL	HBOND	H/81/MET	1
H/20/VAL	VDW	H/36/TRP	1
H/20/VAL	VDW	H/80/TYR	1
H/21/SER	VDW	H/80/TYR	1
H/22/CYS	HBOND	H/79/ALA	1
H/22/CYS	SSBOND	H/96/CYS	1
H/22/CYS	VDW	H/36/TRP	1
H/22/CYS	VDW	H/96/CYS	1
H/23/LYS	HBOND	H/76/THR	1
H/23/LYS	HBOND	H/77/THR	1
H/23/LYS	VDW	H/78/THR	1
H/24/ALA	HBOND	H/77/THR	1
H/27/TYR	PICATION	H/98/ARG	1
H/27/TYR	PIPISTACK	H/32/TYR	1
H/27/TYR	VDW	H/98/ARG	1
H/28/THR	HBOND	F/75/GLN	1
H/28/THR	HBOND	H/31/ASN	1
H/28/THR	VDW	F/73/SER	1
H/28/THR	VDW	H/31/ASN	1
H/29/PHE	VDW	H/32/TYR	1
H/29/PHE	VDW	H/77/THR	1
H/31/ASN	HBOND	F/73/SER	1
H/31/ASN	HBOND	F/75/GLN	1
H/31/ASN	HBOND	H/101/TYR	1
H/31/ASN	VDW	F/75/GLN	1
H/31/ASN	VDW	H/101/TYR	1
H/32/TYR	HBOND	H/100/ASP	1
H/32/TYR	PICATION	H/98/ARG	1
H/32/TYR	VDW	H/98/ARG	1
H/32/TYR	VDW	H/100/ASP	1
H/33/TYR	HBOND	F/88/GLN	1
H/33/TYR	HBOND	H/99/ARG	1
H/33/TYR	HBOND	H/101/TYR	1
H/33/TYR	PIPISTACK	H/101/TYR	1
H/33/TYR	VDW	H/52/ASN	1
H/33/TYR	VDW	H/99/ARG	1
H/33/TYR	VDW	H/101/TYR	1
H/34/MET	HBOND	H/51/ILE	1
H/35/TYR	HBOND	H/97/ALA	1
H/35/TYR	PIPISTACK	H/47/TRP	1
H/35/TYR	PIPISTACK	H/107/PHE	1
H/35/TYR	VDW	F/89/PRO	1
H/35/TYR	VDW	H/99/ARG	1
H/35/TYR	VDW	H/107/PHE	1
H/36/TRP	HBOND	H/48/MET	1
H/36/TRP	HBOND	H/49/GLY	1
H/36/TRP	VDW	H/96/CYS	1
H/37/VAL	HBOND	H/95/TYR	1
H/37/VAL	VDW	H/45/LEU	1
H/37/VAL	VDW	H/95/TYR	1
H/38/ARG	HBOND	H/46/GLU	1
H/38/ARG	HBOND	H/89/ASP	1
H/38/ARG	HBOND	H/90/ASP	1
H/38/ARG	HBOND	H/94/TYR	1
H/38/ARG	IONIC	H/46/GLU	1
H/38/ARG	IONIC	H/89/ASP	1
H/38/ARG	VDW	H/45/LEU	1
H/38/ARG	VDW	H/46/GLU	1
H/38/ARG	VDW	H/64/PHE	1
H/38/ARG	VDW	H/94/TYR	1
H/39/GLN	HBOND	H/43/GLN	1
H/39/GLN	HBOND	H/93/VAL	1
H/39/GLN	HBOND	L/162/GLN	1
H/39/GLN	VDW	H/43/GLN	1
H/39/GLN	VDW	L/162/GLN	1
H/40/ALA	HBOND	H/43/GLN	1
H/41/PRO	VDW	H/91/THR	1
H/44/GLY	VDW	L/211/TYR	1
H/46/GLU	HBOND	H/63/LYS	1
H/46/GLU	IONIC	H/63/LYS	1
H/46/GLU	VDW	H/64/PHE	1
H/47/TRP	HBOND	H/61/ASN	1
H/47/TRP	VDW	L/219/PRO	1
H/48/MET	HBOND	H/61/ASN	1
H/48/MET	VDW	H/61/ASN	1
H/48/MET	VDW	H/64/PHE	1
H/48/MET	VDW	H/94/TYR	1
H/50/GLY	HBOND	H/59/ASN	1
H/51/ILE	VDW	H/72/THR	1
H/52/ASN	HBOND	H/55/ASN	1
H/52/ASN	HBOND	H/56/GLY	1
H/52/ASN	HBOND	H/57/GLY	1
H/52/ASN	VDW	H/55/ASN	1
H/58/THR	VDW	H/70/LEU	1
H/59/ASN	HBOND	F/89/PRO	1
H/60/PHE	VDW	H/70/LEU	1
H/61/ASN	HBOND	H/64/PHE	1
H/62/GLU	HBOND	H/65/LYS	1
H/62/GLU	IONIC	H/65/LYS	1
H/63/LYS	HBOND	H/89/ASP	1
H/63/LYS	IONIC	H/89/ASP	1
H/64/PHE	HBOND	H/67/ARG	1
H/64/PHE	HBOND	H/68/VAL	1
H/67/ARG	HBOND	H/84/LYS	1
H/67/ARG	HBOND	H/90/ASP	1
H/67/ARG	IONIC	H/90/ASP	1
H/67/ARG	VDW	H/83/LEU	1
H/67/ARG	VDW	H/90/ASP	1
H/69/THR	HBOND	H/82/GLU	1
H/69/THR	HBOND	H/84/LYS	1
H/70/LEU	VDW	H/81/MET	1
H/71/THR	HBOND	H/80/TYR	1
H/71/THR	VDW	H/80/TYR	1
H/73/ASP	HBOND	H/76/THR	1
H/73/ASP	HBOND	H/78/THR	1
H/73/ASP	VDW	H/76/THR	1
H/73/ASP	VDW	H/77/THR	1
H/81/MET	VDW	H/94/TYR	1
H/83/LEU	VDW	H/90/ASP	1
H/87/GLN	HBOND	H/90/ASP	1
H/87/GLN	VDW	H/90/ASP	1
H/88/PHE	HBOND	H/91/THR	1
H/88/PHE	VDW	H/91/THR	1
H/88/PHE	VDW	H/118/VAL	1
H/90/ASP	HBOND	H/94/TYR	1
H/90/ASP	VDW	H/94/TYR	1
H/91/THR	HBOND	H/118/VAL	1
H/92/ALA	HBOND	H/116/VAL	1
H/92/ALA	VDW	H/116/VAL	1
H/93/VAL	VDW	H/114/THR	1
H/94/TYR	HBOND	H/114/THR	1
H/94/TYR	VDW	H/114/THR	1
H/94/TYR	VDW	H/116/VAL	1
H/95/TYR	PIPISTACK	H/110/TRP	1
H/95/TYR	VDW	H/110/TRP	1
H/95/TYR	VDW	L/167/ALA	1
H/96/CYS	HBOND	H/111/GLY	1
H/96/CYS	VDW	H/110/TRP	1
H/97/ALA	VDW	H/107/PHE	1
H/97/ALA	VDW	H/109/TYR	1
H/98/ARG	HBOND	H/108/ASP	1
H/98/ARG	HBOND	H/109/TYR	1
H/98/ARG	IONIC	H/108/ASP	1
H/98/ARG	VDW	H/108/ASP	1
H/99/ARG	HBOND	F/87/SER	1
H/99/ARG	HBOND	H/104/ASP	1
H/99/ARG	IONIC	H/104/ASP	1
H/99/ARG	VDW	H/104/ASP	1
H/100/ASP	VDW	H/103/PHE	1
H/101/TYR	HBOND	F/77/ASP	1
H/101/TYR	VDW	F/77/ASP	1
H/101/TYR	VDW	F/78/LYS	1
H/102/ARG	HBOND	F/66/ASN	1
H/102/ARG	HBOND	F/78/LYS	1
H/102/ARG	VDW	F/68/TYR	1
H/102/ARG	VDW	F/78/LYS	1
H/103/PHE	PIPISTACK	L/154/TYR	1
H/103/PHE	PIPISTACK	L/156/TYR	1
H/103/PHE	VDW	L/156/TYR	1
H/104/ASP	HBOND	L/215/SER	1
H/104/ASP	VDW	L/215/SER	1
H/107/PHE	HBOND	H/110/TRP	1
H/107/PHE	HBOND	L/160/TYR	1
H/107/PHE	PIPISTACK	H/110/TRP	1
H/107/PHE	PIPISTACK	L/160/TYR	1
H/107/PHE	PIPISTACK	L/222/PHE	1
H/107/PHE	VDW	L/160/TYR	1
H/107/PHE	VDW	L/170/LEU	1
H/107/PHE	VDW	L/220/LEU	1
H/109/TYR	HBOND	L/169/ARG	1
H/109/TYR	HBOND	L/179/GLU	1
H/109/TYR	VDW	L/179/GLU	1
H/110/TRP	PIPISTACK	L/160/TYR	1
L/121/GLU	HBOND	L/147/LYS	1
L/121/GLU	HBOND	L/218/LEU	1
L/121/GLU	VDW	L/219/PRO	1
L/122/ILE	HBOND	L/221/THR	1
L/122/ILE	VDW	L/149/VAL	1
L/122/ILE	VDW	L/217/ASP	1
L/123/VAL	HBOND	L/146/SER	1
L/124/LEU	VDW	L/144/ARG	1
L/124/LEU	VDW	L/221/THR	1
L/125/THR	HBOND	L/144/ARG	1
L/125/THR	VDW	L/143/CYS	1
L/126/GLN	HBOND	L/210/TYR	1
L/126/GLN	HBOND	L/212/CYS	1
L/126/GLN	HBOND	L/225/GLY	1
L/126/GLN	HBOND	L/226/THR	1
L/126/GLN	VDW	L/143/CYS	1
L/126/GLN	VDW	L/210/TYR	1
L/126/GLN	VDW	L/212/CYS	1
L/126/GLN	VDW	L/225/GLY	1
L/126/GLN	VDW	L/226/THR	1
L/127/SER	HBOND	L/142/SER	1
L/128/PRO	HBOND	L/226/THR	1
L/128/PRO	VDW	L/131/LEU	1
L/129/ALA	HBOND	L/227/LYS	1
L/129/ALA	VDW	L/226/THR	1
L/129/ALA	VDW	L/227/LYS	1
L/130/THR	VDW	L/227/LYS	1
L/130/THR	VDW	L/229/GLU	1
L/131/LEU	HBOND	L/227/LYS	1
L/131/LEU	HBOND	L/229/GLU	1
L/132/SER	HBOND	L/229/GLU	1
L/132/SER	VDW	L/229/GLU	1
L/133/LEU	HBOND	L/229/GLU	1
L/133/LEU	HBOND	L/231/LYS	1
L/133/LEU	VDW	L/137/GLU	1
L/133/LEU	VDW	L/139/ALA	1
L/133/LEU	VDW	L/202/LEU	1
L/133/LEU	VDW	L/231/LYS	1
L/134/SER	HBOND	L/137/GLU	1
L/134/SER	HBOND	L/231/LYS	1
L/134/SER	VDW	L/137/GLU	1
L/134/SER	VDW	L/231/LYS	1
L/135/PRO	VDW	L/202/LEU	1
L/136/GLY	HBOND	L/202/LEU	1
L/137/GLU	HBOND	L/202/LEU	1
L/137/GLU	HBOND	L/231/LYS	1
L/137/GLU	IONIC	L/231/LYS	1
L/137/GLU	VDW	L/201/SER	1
L/137/GLU	VDW	L/231/LYS	1
L/138/ARG	HBOND	L/200/SER	1
L/138/ARG	VDW	L/199/ILE	1
L/138/ARG	VDW	L/200/SER	1
L/139/ALA	HBOND	L/199/ILE	1
L/139/ALA	VDW	L/199/ILE	1
L/140/THR	HBOND	L/198/THR	1
L/140/THR	VDW	L/198/THR	1
L/141/LEU	HBOND	L/197/LEU	1
L/141/LEU	VDW	L/210/TYR	1
L/141/LEU	VDW	L/226/THR	1
L/143/CYS	HBOND	L/195/PHE	1
L/143/CYS	SSBOND	L/212/CYS	1
L/143/CYS	VDW	L/212/CYS	1
L/144/ARG	HBOND	L/194/ASP	1
L/144/ARG	IONIC	L/194/ASP	1
L/144/ARG	VDW	L/194/ASP	1
L/145/ALA	HBOND	L/193/THR	1
L/145/ALA	VDW	L/149/VAL	1
L/147/LYS	HBOND	L/217/ASP	1
L/147/LYS	IONIC	L/217/ASP	1
L/147/LYS	VDW	L/193/THR	1
L/147/LYS	VDW	L/217/ASP	1
L/149/VAL	HBOND	L/156/TYR	1
L/149/VAL	HBOND	L/192/GLY	1
L/149/VAL	VDW	L/156/TYR	1
L/149/VAL	VDW	L/195/PHE	1
L/150/SER	HBOND	L/192/GLY	1
L/150/SER	VDW	L/154/TYR	1
L/150/SER	VDW	L/192/GLY	1
L/151/THR	HBOND	L/154/TYR	1
L/151/THR	HBOND	L/156/TYR	1
L/151/THR	HBOND	L/216/ARG	1
L/152/SER	VDW	F/83/PRO	1
L/153/GLY	VDW	F/61/GLU	1
L/154/TYR	VDW	F/64/VAL	1
L/154/TYR	VDW	F/128/LEU	1
L/156/TYR	HBOND	L/215/SER	1
L/156/TYR	VDW	L/214/HIS	1
L/157/LEU	HBOND	L/175/ALA	1
L/157/LEU	VDW	L/174/LEU	1
L/157/LEU	VDW	L/213/GLN	1
L/158/HIS	HBOND	L/213/GLN	1
L/158/HIS	VDW	L/173/TYR	1
L/158/HIS	VDW	L/174/LEU	1
L/159/TRP	HBOND	L/171/LEU	1
L/159/TRP	HBOND	L/172/ILE	1
L/160/TYR	HBOND	L/211/TYR	1
L/160/TYR	HBOND	L/213/GLN	1
L/160/TYR	PIPISTACK	L/222/PHE	1
L/160/TYR	VDW	L/169/ARG	1
L/160/TYR	VDW	L/170/LEU	1
L/160/TYR	VDW	L/213/GLN	1
L/161/GLN	HBOND	L/169/ARG	1
L/161/GLN	VDW	L/171/LEU	1
L/161/GLN	VDW	L/210/TYR	1
L/162/GLN	HBOND	L/166/GLN	1
L/162/GLN	HBOND	L/209/VAL	1
L/162/GLN	VDW	L/211/TYR	1
L/163/LYS	HBOND	L/166/GLN	1
L/163/LYS	HBOND	L/205/GLU	1
L/163/LYS	IONIC	L/205/GLU	1
L/163/LYS	VDW	L/166/GLN	1
L/163/LYS	VDW	L/205/GLU	1
L/169/ARG	HBOND	L/179/GLU	1
L/169/ARG	HBOND	L/180/SER	1
L/169/ARG	HBOND	L/181/GLY	1
L/171/LEU	HBOND	L/179/GLU	1
L/171/LEU	VDW	L/186/PHE	1
L/172/ILE	VDW	L/188/GLY	1
L/173/TYR	HBOND	L/176/SER	1
L/173/TYR	HBOND	L/177/TYR	1
L/173/TYR	PIPISTACK	L/177/TYR	1
L/173/TYR	VDW	L/177/TYR	1
L/177/TYR	HBOND	F/128/LEU	1
L/177/TYR	VDW	F/128/LEU	1
L/177/TYR	VDW	F/130/PRO	1
L/177/TYR	VDW	F/132/ALA	1
L/178/LEU	VDW	L/182/VAL	1
L/179/GLU	HBOND	L/182/VAL	1
L/179/GLU	VDW	L/182/VAL	1
L/183/PRO	HBOND	L/186/PHE	1
L/185/ARG	HBOND	L/200/SER	1
L/185/ARG	HBOND	L/203/GLU	1
L/185/ARG	HBOND	L/205/GLU	1
L/185/ARG	HBOND	L/206/ASP	1
L/185/ARG	IONIC	L/203/GLU	1
L/185/ARG	IONIC	L/205/GLU	1
L/185/ARG	IONIC	L/206/ASP	1
L/185/ARG	VDW	L/200/SER	1
L/185/ARG	VDW	L/201/SER	1
L/185/ARG	VDW	L/203/GLU	1
L/185/ARG	VDW	L/206/ASP	1
L/187/SER	HBOND	L/198/THR	1
L/187/SER	VDW	L/198/THR	1
L/189/SER	HBOND	L/196/THR	1
L/189/SER	VDW	L/195/PHE	1
L/191/SER	HBOND	L/194/ASP	1
L/191/SER	VDW	L/194/ASP	1
L/199/ILE	VDW	L/206/ASP	1
L/202/LEU	VDW	L/206/ASP	1
L/203/GLU	HBOND	L/206/ASP	1
L/203/GLU	VDW	L/206/ASP	1
L/206/ASP	HBOND	L/210/TYR	1
L/206/ASP	VDW	L/210/TYR	1
L/208/ALA	HBOND	L/228/VAL	1
L/208/ALA	VDW	L/228/VAL	1
L/210/TYR	HBOND	L/226/THR	1
L/210/TYR	VDW	L/226/THR	1
L/212/CYS	HBOND	L/223/GLY	1
L/212/CYS	VDW	L/223/GLY	1
L/213/GLN	VDW	L/221/THR	1
L/213/GLN	VDW	L/222/PHE	1
L/214/HIS	HBOND	L/221/THR	1
L/214/HIS	VDW	L/221/THR	1
